{
    "dist": [
        [
            -0.24688572256293545,
            -0.023728215852209404,
            -0.0010983161881951886,
            0.0003510440731794162,
            -0.002604369792237682
        ]
    ],
    "mtx": [
        [
            1157.7782879634951,
            0.0,
            667.113864702534
        ],
        [
            0.0,
            1152.8223046616304,
            386.1246587470853
        ],
        [
            0.0,
            0.0,
            1.0
        ]
    ]
}